Modelo,MAE_Validacao,RMSE_Validacao,R2_Score,MAPE_Validacao,Ranking
Gradient Boosting,141054.71888134073,150119.21666819224,0.4664172230125406,9.16812901649936,1
Linear Regression,204566.77455917167,207469.5719036089,-0.019149851294302467,13.330279199368478,2
Random Forest,468327.5146775397,511397.4286900631,-5.192218947386353,29.350953692880587,3
